Subfamily,Genus,Species,male_ultrastructure_dorsal,female_ultrastructure_dorsal,mutual,Tribe
Coliadinae,Abaeis,Abaeis_nicippiformis,0,0,0,NA
Coliadinae,Anteos,Anteos_clorinde,1,1,2,NA
Coliadinae,Anteos,Anteos_maerula,0,0,0,NA
Coliadinae,Anteos,Anteos_menippe,1,1,2,NA
Coliadinae,Aphrissa,Aphrissa_boisduvalii,0,0,0,NA
Coliadinae,Aphrissa,Aphrissa_fluminensis,0,0,0,NA
Coliadinae,Aphrissa,Aphrissa_neleis,1,0,1,NA
Coliadinae,Aphrissa,Aphrissa_orbis,1,0,1,NA
Coliadinae,Aphrissa,Aphrissa_schausi,0,0,0,NA
Coliadinae,Aphrissa,Aphrissa_statira,1,1,2,NA
Coliadinae,Catopsilia,Catopsilia_florella,0,0,0,NA
Coliadinae,Catopsilia,Catopsilia_pomona,0,0,0,NA
Coliadinae,Catopsilia,Catopsilia_pyranthe,0,0,0,NA
Coliadinae,Catopsilia,Catopsilia_scylla,0,0,0,NA
Coliadinae,Catopsilia,Catopsilia_thauruma,0,0,0,NA
Coliadinae,Colias,Colias_adelaidae,1,1,2,NA
Coliadinae,Colias,Colias_alexandra,1,0,1,NA
Coliadinae,Colias,Colias_alpherakii,0,0,0,NA
Coliadinae,Colias,Colias_arida,1,0,1,NA
Coliadinae,Colias,Colias_aurora,1,0,1,NA
Coliadinae,Colias,Colias_aurorina,1,1,2,NA
Coliadinae,Colias,Colias_australis,0,0,0,NA
Coliadinae,Colias,Colias_balcanica,1,1,2,NA
Coliadinae,Colias,Colias_boothii,1,1,2,NA
Coliadinae,Colias,Colias_caucasica,1,1,2,NA
Coliadinae,Colias,Colias_chippewa,0,0,0,NA
Coliadinae,Colias,Colias_chlorocoma,0,0,0,NA
Coliadinae,Colias,Colias_christina,1,0,1,NA
Coliadinae,Colias,Colias_christophi,1,1,2,NA
Coliadinae,Colias,Colias_chrysotheme,1,1,2,NA
Coliadinae,Colias,Colias_cocandica,0,0,0,NA
Coliadinae,Colias,Colias_croceus,1,0,1,NA
Coliadinae,Colias,Colias_dimera,1,0,1,NA
Coliadinae,Colias,Colias_diva,1,1,2,NA
Coliadinae,Colias,Colias_electo,1,1,2,NA
Coliadinae,Colias,Colias_eogene,1,1,2,NA
Coliadinae,Colias,Colias_erschoffii,1,1,2,NA
Coliadinae,Colias,Colias_eurytheme,1,0,1,NA
Coliadinae,Colias,Colias_euxanthe,1,1,2,NA
Coliadinae,Colias,Colias_fieldii,1,1,2,NA
Coliadinae,Colias,Colias_gigantea,0,0,0,NA
Coliadinae,Colias,Colias_harfordii,1,0,1,NA
Coliadinae,Colias,Colias_hecla,1,1,2,NA
Coliadinae,Colias,Colias_heos,1,1,2,NA
Coliadinae,Colias,Colias_hyale,0,0,0,NA
Coliadinae,Colias,Colias_hyperborea,1,1,2,NA
Coliadinae,Colias,Colias_interior,1,0,1,NA
Coliadinae,Colias,Colias_ladakensis,0,0,0,NA
Coliadinae,Colias,Colias_lesbia,1,0,1,NA
Coliadinae,Colias,Colias_marcopolo,1,1,2,NA
Coliadinae,Colias,Colias_meadii,1,0,1,NA
Coliadinae,Colias,Colias_montium,0,0,0,NA
Coliadinae,Colias,Colias_myrmidone,1,1,2,NA
Coliadinae,Colias,Colias_nastes,0,0,0,NA
Coliadinae,Colias,Colias_nebulosa,0,0,0,NA
Coliadinae,Colias,Colias_nina,0,0,0,NA
Coliadinae,Colias,Colias_occidentalis,0,0,0,NA
Coliadinae,Colias,Colias_palaeno,0,0,0,NA
Coliadinae,Colias,Colias_phicomone,0,0,0,NA
Coliadinae,Colias,Colias_philodice,0,0,0,NA
Coliadinae,Colias,Colias_rankinensis,1,1,2,NA
Coliadinae,Colias,Colias_regia,1,1,2,NA
Coliadinae,Colias,Colias_romanovi,1,1,2,NA
Coliadinae,Colias,Colias_sagartia,0,0,0,NA
Coliadinae,Colias,Colias_scudderi,0,0,0,NA
Coliadinae,Colias,Colias_sieversi,0,0,0,NA
Coliadinae,Colias,Colias_sifanica,0,0,0,NA
Coliadinae,Colias,Colias_skinneri,0,0,0,NA
Coliadinae,Colias,Colias_staudingeri,1,1,2,NA
Coliadinae,Colias,Colias_stoliczkana,1,0,1,NA
Coliadinae,Colias,Colias_sulitelma,0,1,1,NA
Coliadinae,Colias,Colias_thisoa,1,1,2,NA
Coliadinae,Colias,Colias_tyche,0,0,0,NA
Coliadinae,Colias,Colias_viluiensis,1,1,2,NA
Coliadinae,Colias,Colias_wiskotti,1,0,1,NA
Coliadinae,Dercas,Dercas_lycorias,1,0,1,NA
Coliadinae,Dercas,Dercas_verhuelli,1,0,1,NA
Coliadinae,Eurema,Eurema_adamsi,0,0,0,NA
Coliadinae,Eurema,Eurema_agave,0,0,0,NA
Coliadinae,Eurema,Eurema_albula,0,0,0,NA
Coliadinae,Eurema,Eurema_alitha,1,1,1,NA
Coliadinae,Eurema,Eurema_amelia,0,0,0,NA
Coliadinae,Eurema,Eurema_andersonii,1,1,2,NA
Coliadinae,Eurema,Eurema_arbela,0,0,0,NA
Coliadinae,Eurema,Eurema_blanda,0,0,0,NA
Coliadinae,Eurema,Eurema_brigitta,0,0,0,NA
Coliadinae,Eurema,Eurema_candida,1,0,1,NA
Coliadinae,Eurema,Eurema_celebensis,1,1,2,NA
Coliadinae,Eurema,Eurema_daira,0,0,0,NA
Coliadinae,Eurema,Eurema_desjardinsii,1,1,2,NA
Coliadinae,Eurema,Eurema_deva,0,0,0,NA
Coliadinae,Eurema,Eurema_elathea,1,0,1,NA
Coliadinae,Eurema,Eurema_fabiola,1,1,2,NA
Coliadinae,Eurema,Eurema_floricola,1,0,1,NA
Coliadinae,Eurema,Eurema_hapale,0,0,0,NA
Coliadinae,Eurema,Eurema_hecabe,1,1,2,NA
Coliadinae,Eurema,Eurema_herla,1,1,2,NA
Coliadinae,Eurema,Eurema_lacteola,0,0,0,NA
Coliadinae,Eurema,Eurema_laeta,1,0,1,NA
Coliadinae,Eurema,Eurema_lucina,0,0,0,NA
Coliadinae,Eurema,Eurema_mentawiensis,1,0,1,NA
Coliadinae,Eurema,Eurema_mexicana,1,0,1,NA
Coliadinae,Eurema,Eurema_nicevillei,0,0,0,NA
Coliadinae,Eurema,Eurema_nicippe,0,0,0,NA
Coliadinae,Eurema,Eurema_nigrocincta,0,0,0,NA
Coliadinae,Eurema,Eurema_paulina,0,0,0,NA
Coliadinae,Eurema,Eurema_phiale,1,1,2,NA
Coliadinae,Eurema,Eurema_puella,0,0,0,NA
Coliadinae,Eurema,Eurema_reticulata,0,0,0,NA
Coliadinae,Eurema,Eurema_salome,1,1,2,NA
Coliadinae,Eurema,Eurema_sari,1,0,1,NA
Coliadinae,Eurema,Eurema_sarilata,1,0,1,NA
Coliadinae,Eurema,Eurema_senegalensis,1,1,2,NA
Coliadinae,Eurema,Eurema_simulatrix,0,0,0,NA
Coliadinae,Eurema,Eurema_smilax,1,0,1,NA
Coliadinae,Eurema,Eurema_tilaha,1,1,2,NA
Coliadinae,Eurema,Eurema_tominia,1,1,2,NA
Coliadinae,Eurema,Eurema_xantochlora,0,0,0,NA
Coliadinae,Gandaca,Gandaca_butyrosa,0,0,0,NA
Coliadinae,Gandaca,Gandaca_harina,0,0,0,NA
Coliadinae,Gonepteryx,Gonepteryx_amintha,1,1,2,NA
Coliadinae,Gonepteryx,Gonepteryx_aspasia,1,0,1,NA
Coliadinae,Gonepteryx,Gonepteryx_burmensis,1,1,2,NA
Coliadinae,Gonepteryx,Gonepteryx_cleopatra,1,1,2,NA
Coliadinae,Gonepteryx,Gonepteryx_farinosa,1,0,1,NA
Coliadinae,Gonepteryx,Gonepteryx_maxima,1,1,2,NA
Coliadinae,Gonepteryx,Gonepteryx_rhamni,1,0,1,NA
Coliadinae,Gonepteryx,Gonepteryx_taiwana,1,1,2,NA
Coliadinae,Kricogonia,Kricogonia_cabrerai,1,0,1,NA
Coliadinae,Kricogonia,Kricogonia_lyside,1,1,2,NA
Coliadinae,Leucidia,Leucidia_brephos,0,0,0,NA
Coliadinae,Leucidia,Leucidia_elvina,0,0,0,NA
Coliadinae,Nathalis,Nathalis_iole,0,0,0,NA
Coliadinae,Nathalis,Nathalis_plauta,0,0,0,NA
Coliadinae,Phoebis,Phoebis_agarithe,1,0,1,NA
Coliadinae,Phoebis,Phoebis_argante,1,1,2,NA
Coliadinae,Phoebis,Phoebis_avellaneda,1,0,1,NA
Coliadinae,Phoebis,Phoebis_bourkei,0,0,0,NA
Coliadinae,Phoebis,Phoebis_editha,0,0,0,NA
Coliadinae,Phoebis,Phoebis_godartiana,1,0,1,NA
Coliadinae,Phoebis,Phoebis_hersilia,1,0,1,NA
Coliadinae,Phoebis,Phoebis_marcellina,0,0,0,NA
Coliadinae,Phoebis,Phoebis_neocypris,1,1,2,NA
Coliadinae,Phoebis,Phoebis_philea,1,1,2,NA
Coliadinae,Phoebis,Phoebis_sennae,0,0,0,NA
Coliadinae,Pyrisitia,Pyrisitia_chamberlaini,1,1,2,NA
Coliadinae,Pyrisitia,Pyrisitia_dina,1,1,2,NA
Coliadinae,Pyrisitia,Pyrisitia_euterpiformis,1,1,2,NA
Coliadinae,Pyrisitia,Pyrisitia_leuce,1,0,1,NA
Coliadinae,Eurema,Eurema_lisa,1,0,1,NA
Coliadinae,Pyrisitia,Pyrisitia_messalina,0,0,0,NA
Coliadinae,Eurema,Eurema_nise,1,0,1,NA
Coliadinae,Pyrisitia,Pyrisitia_portoricensis,1,0,1,NA
Coliadinae,Pyrisitia,Pyrisitia_proterpia,1,1,2,NA
Coliadinae,Pyrisitia,Pyrisitia_pyro,1,1,2,NA
Coliadinae,Pyrisitia,Pyrisitia_venusta,1,1,2,NA
Coliadinae,Rhabdodryas,Rhabdodryas_trite,1,0,1,NA
Coliadinae,Teriocolias,Teriocolias_zelia,0,0,0,NA
Coliadinae,Zerene,Zerene_cesonia,1,0,1,NA
Coliadinae,Zerene,Zerene_eurydice,1,0,1,NA
Dismorphiinae,Dismorphia,Dismorphia_altis,0,0,0,NA
Dismorphiinae,Dismorphia,Dismorphia_amphione,0,0,0,NA
Dismorphiinae,Dismorphia,Dismorphia_arcadia,0,0,0,NA
Dismorphiinae,Dismorphia,Dismorphia_crisia,0,0,0,NA
Dismorphiinae,Dismorphia,Dismorphia_cubana,0,0,0,NA
Dismorphiinae,Dismorphia,Dismorphia_eunoe,0,0,0,NA
Dismorphiinae,Dismorphia,Dismorphia_hyposticta,0,0,0,NA
Dismorphiinae,Dismorphia,Dismorphia_laja,0,0,0,NA
Dismorphiinae,Dismorphia,Dismorphia_lelex,0,0,0,NA
Dismorphiinae,Dismorphia,Dismorphia_lewyi,0,0,0,NA
Dismorphiinae,Dismorphia,Dismorphia_thermesina,0,0,0,NA
Dismorphiinae,Dismorphia,Dismorphia_theucharila,0,0,0,NA
Dismorphiinae,Dismorphia,Dismorphia_zaela,0,0,0,NA
Dismorphiinae,Enantia,Enantia_albania,0,0,0,NA
Dismorphiinae,Leptidea,Leptidea_amurensis,0,0,0,NA
Dismorphiinae,Leptidea,Leptidea_duponcheli,0,0,0,NA
Dismorphiinae,Leptidea,Leptidea_gigantea,0,0,0,NA
Dismorphiinae,Leptidea,Leptidea_morsei,0,0,0,NA
Dismorphiinae,Leptidea,Leptidea_sinapis,0,0,0,NA
Dismorphiinae,Lieinix,Lieinix_cinerascens,0,0,0,NA
Dismorphiinae,Lieinix,Lieinix_nemesis,0,0,0,NA
Dismorphiinae,Moschoneura,Moschoneura_pinthous,0,0,0,NA
Dismorphiinae,Patia,Patia_cordillera,0,0,0,NA
Dismorphiinae,Patia,Patia_orise,0,0,0,NA
Dismorphiinae,Patia,Patia_rhetes,0,0,0,NA
Dismorphiinae,Pseudopieris,Pseudopieris_nehemia,0,0,0,NA
Dismorphiinae,Pseudopieris,Pseudopieris_oculta,0,0,0,NA
Dismorphiinae,Pseudopieris,Pseudopieris_viridula,0,0,0,NA
Pierinae,Anthocharis,Anthocharis_bambusarum,0,0,0,Anthocharidini
Pierinae,Anthocharis,Anthocharis_belia,0,0,0,Anthocharidini
Pierinae,Anthocharis,Anthocharis_bieti,0,0,0,Anthocharidini
Pierinae,Anthocharis,Anthocharis_cethura,0,0,0,Anthocharidini
Pierinae,Anthocharis,Anthocharis_damone,0,0,0,Anthocharidini
Pierinae,Anthocharis,Anthocharis_euphenoides,0,0,0,Anthocharidini
Pierinae,Anthocharis,Anthocharis_gruneri,0,0,0,Anthocharidini
Pierinae,Anthocharis,Anthocharis_lanceolata,0,0,0,Anthocharidini
Pierinae,Anthocharis,Anthocharis_limonea,0,0,0,Anthocharidini
Pierinae,Anthocharis,Anthocharis_midea,0,0,0,Anthocharidini
Pierinae,Anthocharis,Anthocharis_sara,0,0,0,Anthocharidini
Pierinae,Anthocharis,Anthocharis_scolymus,0,0,0,Anthocharidini
Pierinae,Eroessa,Eroessa_chiliensis,1,0,1,Anthocharidini
Pierinae,Euchloe,Euchloe_ausonia,0,0,0,Anthocharidini
Pierinae,Euchloe,Euchloe_belemia,0,0,0,Anthocharidini
Pierinae,Euchloe,Euchloe_charlonia,0,0,0,Anthocharidini
Pierinae,Euchloe,Euchloe_lessei,0,0,0,Anthocharidini
Pierinae,Euchloe,Euchloe_lucilla,0,0,0,Anthocharidini
Pierinae,Euchloe,Euchloe_olympia,0,0,0,Anthocharidini
Pierinae,Euchloe,Euchloe_penia,0,0,0,Anthocharidini
Pierinae,Euchloe,Euchloe_tagis,0,0,0,Anthocharidini
Pierinae,Euchloe,Euchloe_tomyris,0,0,0,Anthocharidini
Pierinae,Euchloe,Euchloe_transcaspica,0,0,0,Anthocharidini
Pierinae,Hebomoia,Hebomoia_glaucippe,1,1,2,Anthocharidini
Pierinae,Hesperocharis,Hesperocharis_anguitia,0,0,0,Anthocharidini
Pierinae,Hesperocharis,Hesperocharis_costaricensis,0,0,0,Anthocharidini
Pierinae,Hesperocharis,Hesperocharis_crocea,0,0,0,Anthocharidini
Pierinae,Hesperocharis,Hesperocharis_erota,0,0,0,Anthocharidini
Pierinae,Hesperocharis,Hesperocharis_graphites,0,0,0,Anthocharidini
Pierinae,Hesperocharis,Hesperocharis_leucania,0,0,0,Anthocharidini
Pierinae,Hesperocharis,Hesperocharis_marchalii,0,0,0,Anthocharidini
Pierinae,Hesperocharis,Hesperocharis_nambii,0,0,0,Anthocharidini
Pierinae,Hesperocharis,Hesperocharis_nera,0,0,0,Anthocharidini
Pierinae,Hesperocharis,Hesperocharis_nereina,0,0,0,Anthocharidini
Pierinae,Hesperocharis,Hesperocharis_paranensis,0,0,0,Anthocharidini
Pierinae,Mathania,Mathania_agasicles,0,0,0,Anthocharidini
Pierinae,Mathania,Mathania_aureomaculata,0,0,0,Anthocharidini
Pierinae,Mathania,Mathania_carrizoi,0,0,0,Anthocharidini
Pierinae,Mathania,Mathania_leucothea,0,0,0,Anthocharidini
Pierinae,Melete,Melete_calymnia,0,0,0,Anthocharidini
Pierinae,Melete,Melete_leucadia,0,0,0,Anthocharidini
Pierinae,Melete,Melete_leucanthe,0,0,0,Anthocharidini
Pierinae,Melete,Melete_lycimnia,0,0,0,Anthocharidini
Pierinae,Melete,Melete_polyhymnia,0,0,0,Anthocharidini
Pierinae,Melete,Melete_salacia,0,0,0,Anthocharidini
Pierinae,Zegris,Zegris_eupheme,0,0,0,Anthocharidini
Pierinae,Zegris,Zegris_fausti,1,0,1,Anthocharidini
Pierinae,Zegris,Zegris_pyrothoe,0,0,0,Anthocharidini
Pierinae,Elodina,Elodina_angulipennis,0,0,0,Elodinini
Pierinae,Elodina,Elodina_argypheus,0,0,0,Elodinini
Pierinae,Elodina,Elodina_egnatia,0,0,0,Elodinini
Pierinae,Elodina,Elodina_hydatis,0,0,0,Elodinini
Pierinae,Elodina,Elodina_hypatia,0,0,0,Elodinini
Pierinae,Leptosia,Leptosia_alcesta,0,0,0,Leptosiaini
Pierinae,Leptosia,Leptosia_hybrida,0,0,0,Leptosiaini
Pierinae,Leptosia,Leptosia_marginea,0,0,0,Leptosiaini
Pierinae,Leptosia,Leptosia_medusa,0,0,0,Leptosiaini
Pierinae,Leptosia,Leptosia_nupta,0,0,0,Leptosiaini
Pierinae,Pareronia,Pareronia_anais,0,0,0,Nepheroniini
Pierinae,Pareronia,Pareronia_argolis,0,0,0,Nepheroniini
Pierinae,Pareronia,Pareronia_avatar,0,0,0,Nepheroniini
Pierinae,Pareronia,Pareronia_boebera,0,0,0,Nepheroniini
Pierinae,Pareronia,Pareronia_ceylanica,0,0,0,Nepheroniini
Pierinae,Pareronia,Pareronia_chinki,0,0,0,Nepheroniini
Pierinae,Pareronia,Pareronia_iobaea,0,0,0,Nepheroniini
Pierinae,Pareronia,Pareronia_nishiyamai,0,0,0,Nepheroniini
Pierinae,Pareronia,Pareronia_phocaea,0,0,0,Nepheroniini
Pierinae,Pareronia,Pareronia_tritaea,0,0,0,Nepheroniini
Pierinae,Pareronia,Pareronia_valeria,0,0,0,Nepheroniini
Pierinae,Aoa,Aoa_affinis,0,0,0,Pierini
Pierinae,Aporia,Aporia_acraea,0,0,0,Pierini
Pierinae,Aporia,Aporia_agathon,0,0,0,Pierini
Pierinae,Aporia,Aporia_bieti,0,0,0,Pierini
Pierinae,Aporia,Aporia_crataegi,0,0,0,Pierini
Pierinae,Aporia,Aporia_delavayi,0,0,0,Pierini
Pierinae,Aporia,Aporia_genestieri,0,0,0,Pierini
Pierinae,Aporia,Aporia_goutellei,0,0,0,Pierini
Pierinae,Aporia,Aporia_hippia,0,0,0,Pierini
Pierinae,Aporia,Aporia_largeteaui,0,0,0,Pierini
Pierinae,Aporia,Aporia_larraldei,0,0,0,Pierini
Pierinae,Aporia,Aporia_leucodice,0,0,0,Pierini
Pierinae,Aporia,Aporia_lhamo,0,0,0,Pierini
Pierinae,Aporia,Aporia_martineti,0,0,0,Pierini
Pierinae,Aporia,Aporia_monbeigi,0,0,0,Pierini
Pierinae,Aporia,Aporia_nabellica,0,0,0,Pierini
Pierinae,Aporia,Aporia_oberthuri,0,0,0,Pierini
Pierinae,Aporia,Aporia_potanini,0,0,0,Pierini
Pierinae,Aporia,Aporia_procris,0,0,0,Pierini
Pierinae,Aporia,Aporia_soracta,0,0,0,Pierini
Pierinae,Appias,Appias_ada,0,0,0,Pierini
Pierinae,Appias,Appias_cardena,0,0,0,Pierini
Pierinae,Appias,Appias_celestina,0,0,0,Pierini
Pierinae,Appias,Appias_drusilla,0,0,0,Pierini
Pierinae,Appias,Appias_indra,0,0,0,Pierini
Pierinae,Appias,Appias_ithome,0,0,0,Pierini
Pierinae,Appias,Appias_libythea,0,0,0,Pierini
Pierinae,Appias,Appias_lyncida,0,0,0,Pierini
Pierinae,Appias,Appias_machoboides,0,0,0,Pierini
Pierinae,Appias,Appias_maria,0,0,0,Pierini
Pierinae,Appias,Appias_melania,0,0,0,Pierini
Pierinae,Appias,Appias_nephele,0,0,0,Pierini
Pierinae,Appias,Appias_nero,0,0,0,Pierini
Pierinae,Appias,Appias_olferna,0,0,0,Pierini
Pierinae,Appias,Appias_pandione,0,0,0,Pierini
Pierinae,Appias,Appias_paulina,0,0,0,Pierini
Pierinae,Appias,Appias_phaola,0,0,0,Pierini
Pierinae,Appias,Appias_phoebe,0,0,0,Pierini
Pierinae,Appias,Appias_sabina,0,0,0,Pierini
Pierinae,Appias,Appias_sylvia,0,0,0,Pierini
Pierinae,Appias,Appias_waltraudae,0,0,0,Pierini
Pierinae,Appias,Appias_wardii,0,0,0,Pierini
Pierinae,Appias,Appias_zarinda,0,0,0,Pierini
Pierinae,Appias,Appias_zondervani,0,0,0,Pierini
Pierinae,Archonias,Archonias_brassolis,0,0,0,Pierini
Pierinae,Ascia,Ascia_monuste,0,0,0,Pierini
Pierinae,Belenois,Belenois_aurota,0,0,0,Pierini
Pierinae,Belenois,Belenois_calypso,0,0,0,Pierini
Pierinae,Belenois,Belenois_crawshayi,0,0,0,Pierini
Pierinae,Belenois,Belenois_creona,0,0,0,Pierini
Pierinae,Belenois,Belenois_gidica,0,0,0,Pierini
Pierinae,Belenois,Belenois_grandidieri,0,0,0,Pierini
Pierinae,Belenois,Belenois_java,0,0,0,Pierini
Pierinae,Belenois,Belenois_margaritacea,0,0,0,Pierini
Pierinae,Belenois,Belenois_raffrayi,0,0,0,Pierini
Pierinae,Belenois,Belenois_solilucis,0,0,0,Pierini
Pierinae,Belenois,Belenois_subeida,0,0,0,Pierini
Pierinae,Belenois,Belenois_theora,0,0,0,Pierini
Pierinae,Belenois,Belenois_theuszi,0,0,0,Pierini
Pierinae,Belenois,Belenois_thysa,0,0,0,Pierini
Pierinae,Belenois,Belenois_victoria,0,0,0,Pierini
Pierinae,Catasticta,Catasticta_affinis,0,0,0,Pierini
Pierinae,Catasticta,Catasticta_albofasciata,0,0,0,Pierini
Pierinae,Catasticta,Catasticta_amastris,0,0,0,Pierini
Pierinae,Catasticta,Catasticta_anaitis,0,0,0,Pierini
Pierinae,Catasticta,Catasticta_apaturina,0,0,0,Pierini
Pierinae,Catasticta,Catasticta_arborardens,0,0,0,Pierini
Pierinae,Catasticta,Catasticta_aureomaculata,0,0,0,Pierini
Pierinae,Catasticta,Catasticta_bithys,0,0,0,Pierini
Pierinae,Catasticta,Catasticta_cerberus,0,0,0,Pierini
Pierinae,Catasticta,Catasticta_chelidonis,0,0,0,Pierini
Pierinae,Catasticta,Catasticta_chrysolopha,0,0,0,Pierini
Pierinae,Catasticta,Catasticta_cinerea,0,0,0,Pierini
Pierinae,Catasticta,Catasticta_colla,0,0,0,Pierini
Pierinae,Catasticta,Catasticta_collina,0,0,0,Pierini
Pierinae,Catasticta,Catasticta_corcyra,0,0,0,Pierini
Pierinae,Catasticta,Catasticta_ctemene,0,0,0,Pierini
Pierinae,Catasticta,Catasticta_discalba,0,0,0,Pierini
Pierinae,Catasticta,Catasticta_distincta,0,0,0,Pierini
Pierinae,Catasticta,Catasticta_eurigania,0,0,0,Pierini
Pierinae,Catasticta,Catasticta_ferra,0,0,0,Pierini
Pierinae,Catasticta,Catasticta_flisa,0,0,0,Pierini
Pierinae,Catasticta,Catasticta_frontina,0,0,0,Pierini
Pierinae,Catasticta,Catasticta_fulva,0,0,0,Pierini
Pierinae,Catasticta,Catasticta_grisea,0,0,0,Pierini
Pierinae,Catasticta,Catasticta_hebra,0,0,0,Pierini
Pierinae,Catasticta,Catasticta_hegemon,0,0,0,Pierini
Pierinae,Catasticta,Catasticta_huancabambensis,0,0,0,Pierini
Pierinae,Catasticta,Catasticta_huebneri,0,0,0,Pierini
Pierinae,Catasticta,Catasticta_incerta,0,0,0,Pierini
Pierinae,Catasticta,Catasticta_lanceolata,0,0,0,Pierini
Pierinae,Catasticta,Catasticta_leucophaea,0,0,0,Pierini
Pierinae,Catasticta,Catasticta_ludovici,0,0,0,Pierini
Pierinae,Catasticta,Catasticta_manco,0,0,0,Pierini
Pierinae,Catasticta,Catasticta_modesta,0,0,0,Pierini
Pierinae,Catasticta,Catasticta_nimbata,0,0,0,Pierini
Pierinae,Catasticta,Catasticta_nimbice,0,0,0,Pierini
Pierinae,Catasticta,Catasticta_notha,0,0,0,Pierini
Pierinae,Catasticta,Catasticta_philais,0,0,0,Pierini
Pierinae,Catasticta,Catasticta_philodora,0,0,0,Pierini
Pierinae,Catasticta,Catasticta_philone,0,0,0,Pierini
Pierinae,Catasticta,Catasticta_philoscia,0,0,0,Pierini
Pierinae,Catasticta,Catasticta_pieris,0,0,0,Pierini
Pierinae,Catasticta,Catasticta_pinava,0,0,0,Pierini
Pierinae,Catasticta,Catasticta_potameoides,0,0,0,Pierini
Pierinae,Catasticta,Catasticta_prioneris,0,0,0,Pierini
Pierinae,Catasticta,Catasticta_radiata,0,0,0,Pierini
Pierinae,Catasticta,Catasticta_reducta,0,0,0,Pierini
Pierinae,Catasticta,Catasticta_scaeva,0,0,0,Pierini
Pierinae,Catasticta,Catasticta_scurra,0,0,0,Pierini
Pierinae,Catasticta,Catasticta_seitzi,0,0,0,Pierini
Pierinae,Catasticta,Catasticta_sella,0,0,0,Pierini
Pierinae,Catasticta,Catasticta_semiramis,0,0,0,Pierini
Pierinae,Catasticta,Catasticta_sinapina,0,0,0,Pierini
Pierinae,Catasticta,Catasticta_sisamnus,0,0,0,Pierini
Pierinae,Catasticta,Catasticta_socorrensis,0,0,0,Pierini
Pierinae,Catasticta,Catasticta_striata,0,0,0,Pierini
Pierinae,Catasticta,Catasticta_suadela,0,0,0,Pierini
Pierinae,Catasticta,Catasticta_suasa,0,0,0,Pierini
Pierinae,Catasticta,Catasticta_susiana,0,0,0,Pierini
Pierinae,Catasticta,Catasticta_tamsa,0,0,0,Pierini
Pierinae,Catasticta,Catasticta_teutamis,0,0,0,Pierini
Pierinae,Catasticta,Catasticta_teutila,0,0,0,Pierini
Pierinae,Catasticta,Catasticta_theresa,0,0,0,Pierini
Pierinae,Catasticta,Catasticta_toca,0,0,0,Pierini
Pierinae,Catasticta,Catasticta_tomyris,0,0,0,Pierini
Pierinae,Catasticta,Catasticta_tricolor,0,0,0,Pierini
Pierinae,Catasticta,Catasticta_troezene,0,0,0,Pierini
Pierinae,Catasticta,Catasticta_truncata,0,0,0,Pierini
Pierinae,Catasticta,Catasticta_uricoecheae,0,0,0,Pierini
Pierinae,Catasticta,Catasticta_vulnerata,0,0,0,Pierini
Pierinae,Catasticta,Catasticta_watkinsi,0,0,0,Pierini
Pierinae,Cepora,Cepora_aspasia,0,0,0,Pierini
Pierinae,Cepora,Cepora_bathseba,0,0,0,Pierini
Pierinae,Cepora,Cepora_boisduvaliana,0,0,0,Pierini
Pierinae,Cepora,Cepora_licea,0,0,0,Pierini
Pierinae,Cepora,Cepora_nadina,0,0,0,Pierini
Pierinae,Cepora,Cepora_nerissa,0,0,0,Pierini
Pierinae,Cepora,Cepora_pactolicus,0,0,0,Pierini
Pierinae,Cepora,Cepora_perimale,0,0,0,Pierini
Pierinae,Cunizza,Cunizza_hirlanda,0,0,0,Pierini
Pierinae,Delias,Delias_acalis,0,0,0,Pierini
Pierinae,Delias,Delias_aganippe,0,0,0,Pierini
Pierinae,Delias,Delias_agoranis,0,0,0,Pierini
Pierinae,Delias,Delias_agostina,0,0,0,Pierini
Pierinae,Delias,Delias_albertisi,0,0,0,Pierini
Pierinae,Delias,Delias_alepa,0,0,0,Pierini
Pierinae,Delias,Delias_anamesa,0,0,0,Pierini
Pierinae,Delias,Delias_angabungana,0,0,0,Pierini
Pierinae,Delias,Delias_apatela,0,0,0,Pierini
Pierinae,Delias,Delias_apoensis,0,0,0,Pierini
Pierinae,Delias,Delias_argenthona,0,0,0,Pierini
Pierinae,Delias,Delias_aroae,0,0,0,Pierini
Pierinae,Delias,Delias_aruna,0,0,0,Pierini
Pierinae,Delias,Delias_aurantia,0,0,0,Pierini
Pierinae,Delias,Delias_autumnalis,0,0,0,Pierini
Pierinae,Delias,Delias_awongkor,0,0,0,Pierini
Pierinae,Delias,Delias_bakeri,0,0,0,Pierini
Pierinae,Delias,Delias_baracasa,0,0,0,Pierini
Pierinae,Delias,Delias_belisama,0,0,0,Pierini
Pierinae,Delias,Delias_belladonna,0,0,0,Pierini
Pierinae,Delias,Delias_berinda,0,0,0,Pierini
Pierinae,Delias,Delias_biaka,0,0,0,Pierini
Pierinae,Delias,Delias_bornemanni,0,0,0,Pierini
Pierinae,Delias,Delias_bosnikiana,0,0,0,Pierini
Pierinae,Delias,Delias_bothwelli,0,0,0,Pierini
Pierinae,Delias,Delias_buruana,0,0,0,Pierini
Pierinae,Delias,Delias_callima,0,0,0,Pierini
Pierinae,Delias,Delias_callista,0,0,0,Pierini
Pierinae,Delias,Delias_campbelli,0,0,0,Pierini
Pierinae,Delias,Delias_caroli,0,0,0,Pierini
Pierinae,Delias,Delias_carstensziana,0,0,0,Pierini
Pierinae,Delias,Delias_castaneus,0,0,0,Pierini
Pierinae,Delias,Delias_catisa,0,0,0,Pierini
Pierinae,Delias,Delias_catocausta,0,0,0,Pierini
Pierinae,Delias,Delias_ceneus,0,0,0,Pierini
Pierinae,Delias,Delias_chrysomelaena,0,0,0,Pierini
Pierinae,Delias,Delias_cinerascens,0,0,0,Pierini
Pierinae,Delias,Delias_citrona,0,0,0,Pierini
Pierinae,Delias,Delias_clathrata,0,0,0,Pierini
Pierinae,Delias,Delias_crithoe,0,0,0,Pierini
Pierinae,Delias,Delias_cuningputi,0,0,0,Pierini
Pierinae,Delias,Delias_descombesi,0,0,0,Pierini
Pierinae,Delias,Delias_diaphana,0,0,0,Pierini
Pierinae,Delias,Delias_dice,0,0,0,Pierini
Pierinae,Delias,Delias_discus,0,0,0,Pierini
Pierinae,Delias,Delias_dixeyi,0,0,0,Pierini
Pierinae,Delias,Delias_dohertyi,0,0,0,Pierini
Pierinae,Delias,Delias_dorimene,0,0,0,Pierini
Pierinae,Delias,Delias_dortheysi,0,0,0,Pierini
Pierinae,Delias,Delias_dorylaea,0,0,0,Pierini
Pierinae,Delias,Delias_doylei,0,0,0,Pierini
Pierinae,Delias,Delias_dumasi,0,0,0,Pierini
Pierinae,Delias,Delias_duris,0,0,0,Pierini
Pierinae,Delias,Delias_echidna,0,0,0,Pierini
Pierinae,Delias,Delias_edela,0,0,0,Pierini
Pierinae,Delias,Delias_eichhorni,0,0,0,Pierini
Pierinae,Delias,Delias_eileenae,0,0,0,Pierini
Pierinae,Delias,Delias_ellipsis,0,0,0,Pierini
Pierinae,Delias,Delias_elongatus,0,0,0,Pierini
Pierinae,Delias,Delias_ennia,0,0,0,Pierini
Pierinae,Delias,Delias_enniana,0,0,0,Pierini
Pierinae,Delias,Delias_eschatia,0,0,0,Pierini
Pierinae,Delias,Delias_eucharis,0,0,0,Pierini
Pierinae,Delias,Delias_eudiabolus,0,0,0,Pierini
Pierinae,Delias,Delias_eumolpe,0,0,0,Pierini
Pierinae,Delias,Delias_fascelis,0,0,0,Pierini
Pierinae,Delias,Delias_fasciata,0,0,0,Pierini
Pierinae,Delias,Delias_frater,0,0,0,Pierini
Pierinae,Delias,Delias_fruhstorferi,0,0,0,Pierini
Pierinae,Delias,Delias_gabia,0,0,0,Pierini
Pierinae,Delias,Delias_georgina,0,0,0,Pierini
Pierinae,Delias,Delias_geraldina,0,0,0,Pierini
Pierinae,Delias,Delias_gilliardi,0,0,0,Pierini
Pierinae,Delias,Delias_hallstromi,0,0,0,Pierini
Pierinae,Delias,Delias_hapalina,0,0,0,Pierini
Pierinae,Delias,Delias_harpalyce,0,0,0,Pierini
Pierinae,Delias,Delias_hemianops,0,0,0,Pierini
Pierinae,Delias,Delias_henningia,0,0,0,Pierini
Pierinae,Delias,Delias_heroni,0,0,0,Pierini
Pierinae,Delias,Delias_hyparete,0,0,0,Pierini
Pierinae,Delias,Delias_hypomelas,0,0,0,Pierini
Pierinae,Delias,Delias_iltis,0,0,0,Pierini
Pierinae,Delias,Delias_imitator,0,0,0,Pierini
Pierinae,Delias,Delias_isocharis,0,0,0,Pierini
Pierinae,Delias,Delias_isse,0,0,0,Pierini
Pierinae,Delias,Delias_itamputi,0,0,0,Pierini
Pierinae,Delias,Delias_joiceyi,0,0,0,Pierini
Pierinae,Delias,Delias_jordani,0,0,0,Pierini
Pierinae,Delias,Delias_kenricki,0,0,0,Pierini
Pierinae,Delias,Delias_klossi,0,0,0,Pierini
Pierinae,Delias,Delias_kuehni,0,0,0,Pierini
Pierinae,Delias,Delias_kummeri,0,0,0,Pierini
Pierinae,Delias,Delias_ladas,0,0,0,Pierini
Pierinae,Delias,Delias_ladox,0,0,0,Pierini
Pierinae,Delias,Delias_lativitta,0,0,0,Pierini
Pierinae,Delias,Delias_lecerfi,0,0,0,Pierini
Pierinae,Delias,Delias_lemoulti,0,0,0,Pierini
Pierinae,Delias,Delias_leucias,0,0,0,Pierini
Pierinae,Delias,Delias_levicki,0,0,0,Pierini
Pierinae,Delias,Delias_ligata,0,0,0,Pierini
Pierinae,Delias,Delias_luctuosa,0,0,0,Pierini
Pierinae,Delias,Delias_lytaea,0,0,0,Pierini
Pierinae,Delias,Delias_manuselensis,0,0,0,Pierini
Pierinae,Delias,Delias_maudei,0,0,0,Pierini
Pierinae,Delias,Delias_mavroneria,0,0,0,Pierini
Pierinae,Delias,Delias_meeki,0,0,0,Pierini
Pierinae,Delias,Delias_melusina,0,0,0,Pierini
Pierinae,Delias,Delias_menooensis,0,0,0,Pierini
Pierinae,Delias,Delias_microsticha,0,0,0,Pierini
Pierinae,Delias,Delias_mira,0,0,0,Pierini
Pierinae,Delias,Delias_momea,0,0,0,Pierini
Pierinae,Delias,Delias_mysis,0,0,0,Pierini
Pierinae,Delias,Delias_nais,0,0,0,Pierini
Pierinae,Delias,Delias_niepelti,0,0,0,Pierini
Pierinae,Delias,Delias_nigrina,0,0,0,Pierini
Pierinae,Delias,Delias_nigropunctata,0,0,0,Pierini
Pierinae,Delias,Delias_ninus,0,0,0,Pierini
Pierinae,Delias,Delias_nysa,0,0,0,Pierini
Pierinae,Delias,Delias_oktanglap,0,0,0,Pierini
Pierinae,Delias,Delias_oraia,0,0,0,Pierini
Pierinae,Delias,Delias_ornytion,0,0,0,Pierini
Pierinae,Delias,Delias_pasithoe,0,0,0,Pierini
Pierinae,Delias,Delias_patrua,0,0,0,Pierini
Pierinae,Delias,Delias_periboea,0,0,0,Pierini
Pierinae,Delias,Delias_pheres,0,0,0,Pierini
Pierinae,Delias,Delias_phippsi,0,0,0,Pierini
Pierinae,Delias,Delias_poecilea,0,0,0,Pierini
Pierinae,Delias,Delias_pratti,0,0,0,Pierini
Pierinae,Delias,Delias_prouti,0,0,0,Pierini
Pierinae,Delias,Delias_ribbei,0,0,0,Pierini
Pierinae,Delias,Delias_rileyi,0,0,0,Pierini
Pierinae,Delias,Delias_roepkei,0,0,0,Pierini
Pierinae,Delias,Delias_rosenbergi,0,0,0,Pierini
Pierinae,Delias,Delias_rothschildi,0,0,0,Pierini
Pierinae,Delias,Delias_sagessa,0,0,0,Pierini
Pierinae,Delias,Delias_salvini,0,0,0,Pierini
Pierinae,Delias,Delias_sambawana,0,0,0,Pierini
Pierinae,Delias,Delias_sanaca,0,0,0,Pierini
Pierinae,Delias,Delias_schoenbergi,0,0,0,Pierini
Pierinae,Delias,Delias_schoenigi,0,0,0,Pierini
Pierinae,Delias,Delias_schuppi,0,0,0,Pierini
Pierinae,Delias,Delias_shirozui,0,0,0,Pierini
Pierinae,Delias,Delias_singhapura,0,0,0,Pierini
Pierinae,Delias,Delias_splendida,0,0,0,Pierini
Pierinae,Delias,Delias_stresemanni,0,0,0,Pierini
Pierinae,Delias,Delias_subnubila,0,0,0,Pierini
Pierinae,Delias,Delias_subviridis,0,0,0,Pierini
Pierinae,Delias,Delias_talboti,0,0,0,Pierini
Pierinae,Delias,Delias_tessei,0,0,0,Pierini
Pierinae,Delias,Delias_themis,0,0,0,Pierini
Pierinae,Delias,Delias_timorensis,0,0,0,Pierini
Pierinae,Delias,Delias_totila,0,0,0,Pierini
Pierinae,Delias,Delias_toxopei,0,0,0,Pierini
Pierinae,Delias,Delias_vidua,0,0,0,Pierini
Pierinae,Delias,Delias_vollmani,0,0,0,Pierini
Pierinae,Delias,Delias_weiskei,0,0,0,Pierini
Pierinae,Delias,Delias_wilemani,0,0,0,Pierini
Pierinae,Delias,Delias_woodi,0,0,0,Pierini
Pierinae,Delias,Delias_zebuda,0,0,0,Pierini
Pierinae,Dixeia,Dixeia_doxo,0,0,0,Pierini
Pierinae,Dixeia,Dixeia_pigea,0,0,0,Pierini
Pierinae,Gandaca,Ganyra_phaloe,0,0,0,Pierini
Pierinae,Hypsochila,Hypsochila_argyrodice,0,0,0,Pierini
Pierinae,Hypsochila,Hypsochila_galactodice,0,0,0,Pierini
Pierinae,Hypsochila,Hypsochila_huemul,0,0,0,Pierini
Pierinae,Hypsochila,Hypsochila_microdice,0,0,0,Pierini
Pierinae,Hypsochila,Hypsochila_penai,0,0,0,Pierini
Pierinae,Hypsochila,Hypsochila_wagenknechti,0,0,0,Pierini
Pierinae,Itaballia,Itaballia_demophile,0,0,0,Pierini
Pierinae,Itaballia,Itaballia_marana,0,0,0,Pierini
Pierinae,Itaballia,Itaballia_pandosia,0,0,0,Pierini
Pierinae,Leodonta,Leodonta_chiriquensis,0,0,0,Pierini
Pierinae,Leodonta,Leodonta_dysoni,0,0,0,Pierini
Pierinae,Leodonta,Leodonta_ekatherinae,0,0,0,Pierini
Pierinae,Leodonta,Leodonta_jeanroberti,0,0,0,Pierini
Pierinae,Leodonta,Leodonta_tagaste,0,0,0,Pierini
Pierinae,Leodonta,Leodonta_tellane,0,0,0,Pierini
Pierinae,Leodonta,Leodonta_tungurahuana,0,0,0,Pierini
Pierinae,Leodonta,Leodonta_zenobina,0,0,0,Pierini
Pierinae,Leptophobia,Leptophobia_aripa,0,0,0,Pierini
Pierinae,Leptophobia,Leptophobia_caesia,0,0,0,Pierini
Pierinae,Leptophobia,Leptophobia_diaguita,0,0,0,Pierini
Pierinae,Leptophobia,Leptophobia_eleusis,0,0,0,Pierini
Pierinae,Leptophobia,Leptophobia_eucosma,0,0,0,Pierini
Pierinae,Leptophobia,Leptophobia_forsteri,0,0,0,Pierini
Pierinae,Leptophobia,Leptophobia_helena,0,0,0,Pierini
Pierinae,Leptophobia,Leptophobia_nephthis,0,0,0,Pierini
Pierinae,Leptophobia,Leptophobia_olympia,0,0,0,Pierini
Pierinae,Leptophobia,Leptophobia_penthica,0,0,0,Pierini
Pierinae,Leptophobia,Leptophobia_philoma,0,0,0,Pierini
Pierinae,Leptophobia,Leptophobia_tovaria,0,0,0,Pierini
Pierinae,Mesapia,Mesapia_peloria,0,0,0,Pierini
Pierinae,Mylothris,Mylothris_agathina,0,0,0,Pierini
Pierinae,Mylothris,Mylothris_chloris,0,0,0,Pierini
Pierinae,Mylothris,Mylothris_citrina,0,0,0,Pierini
Pierinae,Mylothris,Mylothris_croceus,0,0,0,Pierini
Pierinae,Mylothris,Mylothris_erlangeri,0,0,0,Pierini
Pierinae,Mylothris,Mylothris_ertli,0,0,0,Pierini
Pierinae,Mylothris,Mylothris_flaviana,0,0,0,Pierini
Pierinae,Mylothris,Mylothris_hilara,0,0,0,Pierini
Pierinae,Mylothris,Mylothris_jacksoni,0,0,0,Pierini
Pierinae,Mylothris,Mylothris_kiwuensis,0,0,0,Pierini
Pierinae,Mylothris,Mylothris_ngaziya,0,0,0,Pierini
Pierinae,Mylothris,Mylothris_nubila,0,0,0,Pierini
Pierinae,Mylothris,Mylothris_ochracea,0,0,0,Pierini
Pierinae,Mylothris,Mylothris_phileris,0,0,0,Pierini
Pierinae,Mylothris,Mylothris_poppea,0,0,0,Pierini
Pierinae,Mylothris,Mylothris_rhodope,0,0,0,Pierini
Pierinae,Mylothris,Mylothris_ruandana,0,0,0,Pierini
Pierinae,Mylothris,Mylothris_rubricosta,0,0,0,Pierini
Pierinae,Mylothris,Mylothris_rueppellii,0,0,0,Pierini
Pierinae,Mylothris,Mylothris_sagala,0,0,0,Pierini
Pierinae,Mylothris,Mylothris_schumanni,0,0,0,Pierini
Pierinae,Mylothris,Mylothris_similis,0,0,0,Pierini
Pierinae,Mylothris,Mylothris_smithii,0,0,0,Pierini
Pierinae,Mylothris,Mylothris_spica,0,0,0,Pierini
Pierinae,Mylothris,Mylothris_splendens,0,0,0,Pierini
Pierinae,Mylothris,Mylothris_sulphurea,0,0,0,Pierini
Pierinae,Mylothris,Mylothris_trimenia,0,0,0,Pierini
Pierinae,Mylothris,Mylothris_yulei,0,0,0,Pierini
Pierinae,Neophasia,Neophasia_menapia,0,0,0,Pierini
Pierinae,Neophasia,Neophasia_terlooii,0,0,0,Pierini
Pierinae,Nepheronia,Nepheronia_argia,0,0,0,Pierini
Pierinae,Nepheronia,Nepheronia_buquetii,0,0,0,Pierini
Pierinae,Nepheronia,Nepheronia_pharis,0,0,0,Pierini
Pierinae,Nepheronia,Nepheronia_thalassina,0,0,0,Pierini
Pierinae,Pereute,Pereute_antodyca,0,0,0,Pierini
Pierinae,Pereute,Pereute_callinice,0,0,0,Pierini
Pierinae,Pereute,Pereute_callinira,0,0,0,Pierini
Pierinae,Pereute,Pereute_charops,0,0,0,Pierini
Pierinae,Pereute,Pereute_leucodrosime,0,0,0,Pierini
Pierinae,Pereute,Pereute_lindemannae,0,0,0,Pierini
Pierinae,Pereute,Pereute_swainsoni,0,0,0,Pierini
Pierinae,Pereute,Pereute_telthusa,0,0,0,Pierini
Pierinae,Perrhybris,Perrhybris_lypera,0,0,0,Pierini
Pierinae,Perrhybris,Perrhybris_pamela,0,0,0,Pierini
Pierinae,Phulia,Phulia_garleppi,0,0,0,Pierini
Pierinae,Phulia,Phulia_nannophyes,0,0,0,Pierini
Pierinae,Phulia,Phulia_nymphula,0,0,0,Pierini
Pierinae,Pieriballia,Pieriballia_viardi,0,0,0,Pierini
Pierinae,Pieris,Pieris_balcana,0,0,0,Pierini
Pierinae,Pieris,Pieris_brassicae,0,0,0,Pierini
Pierinae,Pieris,Pieris_brassicoides,0,0,0,Pierini
Pierinae,Pieris,Pieris_bryoniae,0,0,0,Pierini
Pierinae,Pieris,Pieris_canidia,0,0,0,Pierini
Pierinae,Pieris,Pieris_davidis,0,0,0,Pierini
Pierinae,Pieris,Pieris_deota,0,0,0,Pierini
Pierinae,Pieris,Pieris_dulcinea,0,0,0,Pierini
Pierinae,Pieris,Pieris_ergane,0,0,0,Pierini
Pierinae,Pieris,Pieris_erutae,0,0,0,Pierini
Pierinae,Pieris,Pieris_extensa,0,0,0,Pierini
Pierinae,Pieris,Pieris_koslovi,0,0,0,Pierini
Pierinae,Pieris,Pieris_krueperi,0,0,0,Pierini
Pierinae,Pieris,Pieris_mannii,0,0,0,Pierini
Pierinae,Pieris,Pieris_marginalis,0,0,0,Pierini
Pierinae,Pieris,Pieris_mcdunnoughi,0,0,0,Pierini
Pierinae,Pieris,Pieris_melete,0,0,0,Pierini
Pierinae,Pieris,Pieris_napi,0,0,0,Pierini
Pierinae,Pieris,Pieris_narina,0,0,0,Pierini
Pierinae,Pieris,Pieris_nesis,0,0,0,Pierini
Pierinae,Pieris,Pieris_ochsenheimeri,0,0,0,Pierini
Pierinae,Pieris,Pieris_oleracea,0,0,0,Pierini
Pierinae,Pieris,Pieris_orientis,0,0,0,Pierini
Pierinae,Pieris,Pieris_persis,0,0,0,Pierini
Pierinae,Pieris,Pieris_pseudorapae,0,0,0,Pierini
Pierinae,Pieris,Pieris_rapae,0,0,0,Pierini
Pierinae,Pieris,Pieris_rapae_crucivora,0,0,0,Pierini
Pierinae,Pieris,Sinopieris_dubernardi,0,0,0,Pierini
Pierinae,Pontia,Pontia_beckerii,0,0,0,Pierini
Pierinae,Pontia,Pontia_callidice,0,0,0,Pierini
Pierinae,Pontia,Pontia_daplidice,0,0,0,Pierini
Pierinae,Pontia,Pontia_glauconome,0,0,0,Pierini
Pierinae,Pontia,Pontia_helice,0,0,0,Pierini
Pierinae,Pontia,Pontia_occidentalis,0,0,0,Pierini
Pierinae,Pontia,Pontia_protodice,0,0,0,Pierini
Pierinae,Pontia,Pontia_sisymbrii,0,0,0,Pierini
Pierinae,Prioneris,Prioneris_autothisbe,0,0,0,Pierini
Pierinae,Prioneris,Prioneris_cornelia,0,0,0,Pierini
Pierinae,Prioneris,Prioneris_philonome,0,0,0,Pierini
Pierinae,Prioneris,Prioneris_sita,0,0,0,Pierini
Pierinae,Prioneris,Prioneris_thestylis,0,0,0,Pierini
Pierinae,Saletara,Saletara_cycinna,0,0,0,Pierini
Pierinae,Saletara,Saletara_liberia,0,0,0,Pierini
Pierinae,Saletara,Saletara_panda,0,0,0,Pierini
Pierinae,Tatochila,Tatochila_autodice,0,0,0,Pierini
Pierinae,Tatochila,Tatochila_distincta,0,0,0,Pierini
Pierinae,Tatochila,Tatochila_inversa,0,0,0,Pierini
Pierinae,Tatochila,Tatochila_mariae,0,0,0,Pierini
Pierinae,Tatochila,Tatochila_mercedis,0,0,0,Pierini
Pierinae,Tatochila,Tatochila_orthodice,0,0,0,Pierini
Pierinae,Tatochila,Tatochila_sagittata,0,0,0,Pierini
Pierinae,Tatochila,Tatochila_stigmadice,0,0,0,Pierini
Pierinae,Tatochila,Tatochila_theodice,0,0,0,Pierini
Pierinae,Tatochila,Tatochila_xanthodice,0,0,0,Pierini
Pierinae,Theochila,Theochila_maenacte,0,0,0,Pierini
Pierinae,Afrodryas,Afrodryas_leda,1,0,1,Teracolini
Pierinae,Colotis,Colotis_amata,0,0,0,Teracolini
Pierinae,Colotis,Colotis_antevippe,1,0,1,Teracolini
Pierinae,Colotis,Colotis_aurigineus,1,0,1,Teracolini
Pierinae,Colotis,Colotis_aurora,1,0,1,Teracolini
Pierinae,Colotis,Colotis_auxo,1,1,2,Teracolini
Pierinae,Colotis,Colotis_celimene,1,0,1,Teracolini
Pierinae,Colotis,Colotis_chrysonome,0,0,0,Teracolini
Pierinae,Colotis,Colotis_daira,1,1,2,Teracolini
Pierinae,Colotis,Colotis_danae,1,1,2,Teracolini
Pierinae,Colotis,Colotis_doubledayi,0,0,0,Teracolini
Pierinae,Colotis,Colotis_etrida,1,0,1,Teracolini
Pierinae,Colotis,Colotis_euippe,1,0,1,Teracolini
Pierinae,Colotis,Colotis_evagore,1,0,1,Teracolini
Pierinae,Colotis,Colotis_evanthe,1,1,2,Teracolini
Pierinae,Colotis,Colotis_evenina,1,1,2,Teracolini
Pierinae,Colotis,Colotis_fausta,0,0,0,Teracolini
Pierinae,Colotis,Colotis_guenei,1,0,1,Teracolini
Pierinae,Colotis,Colotis_hetaera,0,0,0,Teracolini
Pierinae,Colotis,Colotis_hildebrandti,1,0,1,Teracolini
Pierinae,Colotis,Colotis_ione,1,0,1,Teracolini
Pierinae,Colotis,Colotis_mananhari,0,0,0,Teracolini
Pierinae,Colotis,Colotis_pallene,1,0,1,Teracolini
Pierinae,Colotis,Colotis_regina,1,0,1,Teracolini
Pierinae,Colotis,Colotis_vesta,1,1,2,Teracolini
Pierinae,Colotis,Colotis_zoe,1,0,1,Teracolini
Pierinae,Colotis,Teracolus_agoye,1,1,2,Teracolini
Pierinae,Colotis,Teracolus_eris,1,0,1,Teracolini
Pierinae,Colotis,Teracolus_subfasciatus,1,1,2,Teracolini
Pierinae,Eronia,Eronia_cleodora,0,0,0,Teracolini
Pierinae,Gideona,Gideona_lucasi,0,0,0,Teracolini
Pierinae,Ixias,Ixias_flavipennis,1,1,2,Teracolini
Pierinae,Ixias,Ixias_kuehni,1,1,2,Teracolini
Pierinae,Ixias,Ixias_marianne,1,0,1,Teracolini
Pierinae,Ixias,Ixias_pyrene,1,0,1,Teracolini
Pierinae,Ixias,Ixias_reinwardtii,1,1,2,Teracolini
Pierinae,Ixias,Ixias_undatus,1,1,2,Teracolini
Pierinae,Ixias,Ixias_venilia,1,1,2,Teracolini
Pierinae,Ixias,Ixias_vollenhovii,1,1,2,Teracolini
Pierinae,Pinacopteryx,Pinacopteryx_eriphia,0,0,0,Teracolini
Pseudopontiinae,Pseudopontia,Pseudopontia_paradoxa,0,0,0,NA
